username,query
jesus@gmail.com,casa
jesus@gmail.com,12
jesus@gmail.com,casa
jesus@gmail.com,carro
jesus@gmail.com,moto
jesus@gmail.com,moto
jesus@gmail.com,casa
jesus@gmail.com,yate
jesus@gmail.com,apartamento
jesus@gmail.com,avion
jesus@gmail.com,yate
jesus@gmail.com,viajes
jesus@gmail.com,superman
jesus@gmail.com,superman
jesus@gmail.com,yate
jesus@gmail.com,yate
jesus@gmail.com,
jesus@gmail.com,yate
jesus@gmail.com,casa
jesus@gmail.com,casa
jesus@gmail.com,casa
jesus@gmail.com,casa
jesus@gmail.com,casa
jesus@gmail.com,casa
jesus@gmail.com,casa
jesus@gmail.com,casa
jesus@gmail.com,casa
jesus@gmail.com,casa
jesus@gmail.com,casa
jesus@gmail.com,casa
jesus@gmail.com,casa
jesus@gmail.com,12
jesus@gmail.com,casa
jesus@gmail.com,moto
jesus@gmail.com,camion
jesus@gmail.com,manta
jesus@gmail.com,lol
jesus@gmail.com,camion
javic@gmail.com,perico
javic@gmail.com,perico
javic@gmail.com,perico
javic@gmail.com,perico
javic@gmail.com,motos
javic@gmail.com,perico
javic@gmail.com,pc gamer
javic@gmail.com,moto
javic@gmail.com,e
javic@gmail.com,e
javic@gmail.com,a
javic@gmail.com,a
javic@gmail.com,a
javic@gmail.com,a
javic@gmail.com,f
javic@gmail.com,a
javic@gmail.com,v
javic@gmail.com,v
javic@gmail.com,a
javic@gmail.com,v
javic@gmail.com,r
javic@gmail.com,casco
javic@gmail.com,speedmax
javic@gmail.com,speedmax
javic@gmail.com,speedmax
javic@gmail.com,a
javic@gmail.com,speedmax
javic@gmail.com,a
javic@gmail.com,speedmax
javic@gmail.com,casa
javic@gmail.com,yate
javic@gmail.com,speedmax
javic@gmail.com,casa
javic@gmail.com,speedmax
javic@gmail.com,yate
javic@gmail.com,speedmax
javic@gmail.com,moto
javic@gmail.com,speedmax
javic@gmail.com,e
javic@gmail.com,speedmax
javic@gmail.com,camion
javic@gmail.com,lol
javic@gmail.com,speedmax
javic@gmail.com,casco
javic@gmail.com,casa
javic@gmail.com,sppedmax
javic@gmail.com,e
javic@gmail.com,speedmax
javic@gmail.com,cafe
javic@gmail.com,a
javic@gmail.com,cafe
javic@gmail.com,speedmax
javic@gmail.com,cafe
javic@gmail.com,cafe
javic@gmail.com,yate
javic@gmail.com,celular
javic@gmail.com,celular
javic@gmail.com,celular
javic@gmail.com,celular
javic@gmail.com,celular
javic@gmail.com,celular
javic@gmail.com,celular
javic@gmail.com,celular
javic@gmail.com,celular
javic@gmail.com,celular
javic@gmail.com,celular
javic@gmail.com,celular
javic@gmail.com,celular
javic@gmail.com,casa
javic@gmail.com,celular
javic@gmail.com,speedmax
javic@gmail.com,celular
javic@gmail.com,moto
javic@gmail.com,celular
javic@gmail.com,a
javic@gmail.com,celular
javic@gmail.com,yate
javic@gmail.com,celular
jesus@gmail.com,camion
jesus@gmail.com,poster project
jesus@gmail.com,poster project
jesus@gmail.com,poster
jesus@gmail.com,universidad de los llanos
jesus@gmail.com,cartel
jesus@gmail.com,universidad de los llanos
jesus@gmail.com,cartel
jesus@gmail.com,camion
jesus@gmail.com,camion
jesus@gmail.com,cartel
jesus@gmail.com,cartel
jesus@gmail.com,cartel
jesus@gmail.com,
jesus@gmail.com,
jesus@gmail.com,
jesus@gmail.com,
jesus@gmail.com,
jesus@gmail.com,
jesus@gmail.com,
jesus@gmail.com,
jesus@gmail.com,
jesus@gmail.com,
jesus@gmail.com,
jesus@gmail.com,
jesus@gmail.com,
jesus@gmail.com,
jesus@gmail.com,
jesus@gmail.com,
jesus@gmail.com,
jesus@gmail.com,
jesus@gmail.com,
jesus@gmail.com,
jesus@gmail.com,
jesus@gmail.com,
jesus@gmail.com,
jesus@gmail.com,
jesus@gmail.com,
jesus@gmail.com,camion
jesus@gmail.com,cartel
jesus@gmail.com,poster
jesus@gmail.com,universidad de los llanos
jesus@gmail.com,universidad de los llanos
jesus@gmail.com,cartel
jesus@gmail.com,poster project
jesus@gmail.com,poster
jesus@gmail.com,simple harmonic motion
jesus@gmail.com,simple harmonic motion
jesus@gmail.com,universidad de los llanos
jesus@gmail.com,camion
jesus@gmail.com,
jesus@gmail.com,camion
jesus@gmail.com,camion
jesus@gmail.com,poster project
jesus@gmail.com,
jesus@gmail.com,
jesus@gmail.com,
jesus@gmail.com,
jesus@gmail.com,
jesus@gmail.com,
jesus@gmail.com,
jesus@gmail.com,camion
jesus@gmail.com,cartel
jesus@gmail.com,camion
jesus@gmail.com,cafe
jesus@gmail.com,casa
jesus@gmail.com,agua
jesus@gmail.com,camion
jesus@gmail.com,cafe
jesus@gmail.com,agua
jesus@gmail.com,casa
jesus@gmail.com,camion
jesus@gmail.com,camion
jesus@gmail.com,camion
jesus@gmail.com,camion
jesus@gmail.com,camion
jesus@gmail.com,camion